{"cameraMode":{"drawMode":0,"name":"Shaded","section":"Shading Mode"},"sceneLighting":true,"audioPlay":false,"sceneViewState":{"showFog":true,"showMaterialUpdate":false,"showSkybox":true,"showFlares":true,"showImageEffects":true,"showParticleSystems":true},"in2DMode":false,"pivot":{"x":310.88189697265627,"y":-18.238689422607423,"z":240.2794647216797},"rotation":{"x":-0.053483445197343829,"y":0.9459518790245056,"z":-0.24235717952251435,"w":-0.20875295996665955},"size":83.7951431274414,"orthographic":false}