{"cameraMode":{"drawMode":0,"name":"Shaded","section":"Shading Mode"},"sceneLighting":true,"audioPlay":false,"sceneViewState":{"showFog":true,"showMaterialUpdate":false,"showSkybox":true,"showFlares":true,"showImageEffects":true,"showParticleSystems":true},"in2DMode":false,"pivot":{"x":234.04348754882813,"y":7.660967826843262,"z":215.32000732421876},"rotation":{"x":0.04269568622112274,"y":-0.9381192922592163,"z":0.3200819790363312,"w":0.12513530254364015},"size":22.0,"orthographic":true}