{"cameraMode":{"drawMode":0,"name":"Shaded","section":"Shading Mode"},"sceneLighting":true,"audioPlay":false,"sceneViewState":{"showFog":true,"showMaterialUpdate":false,"showSkybox":true,"showFlares":true,"showImageEffects":true,"showParticleSystems":true},"in2DMode":false,"pivot":{"x":230.9970703125,"y":9.12890625,"z":224.279296875},"rotation":{"x":0.2625513970851898,"y":0.2901500165462494,"z":-0.08311983942985535,"w":0.9164993166923523},"size":11.451685905456543,"orthographic":true}