{"cameraMode":{"drawMode":0,"name":"Shaded","section":"Shading Mode"},"sceneLighting":true,"audioPlay":false,"sceneViewState":{"showFog":true,"showMaterialUpdate":false,"showSkybox":true,"showFlares":true,"showImageEffects":true,"showParticleSystems":true},"in2DMode":false,"pivot":{"x":427.257080078125,"y":18.271862030029298,"z":580.470458984375},"rotation":{"x":0.4595678746700287,"y":0.4526935815811157,"z":-0.29517585039138796,"w":0.704813539981842},"size":245.7229766845703,"orthographic":false}