{"cameraMode":{"drawMode":0,"name":"Shaded","section":"Shading Mode"},"sceneLighting":false,"audioPlay":false,"sceneViewState":{"showFog":true,"showMaterialUpdate":false,"showSkybox":false,"showFlares":true,"showImageEffects":true,"showParticleSystems":true},"in2DMode":false,"pivot":{"x":6.604645252227783,"y":3.3874943256378176,"z":0.05357985943555832},"rotation":{"x":-0.03752964362502098,"y":-0.6937534213066101,"z":0.03624808043241501,"w":-0.7183318138122559},"size":9.030268669128418,"orthographic":false}