{"cameraMode":{"drawMode":0,"name":"Shaded","section":"Shading Mode"},"sceneLighting":true,"audioPlay":false,"sceneViewState":{"showFog":true,"showMaterialUpdate":false,"showSkybox":true,"showFlares":true,"showImageEffects":true,"showParticleSystems":true},"in2DMode":false,"pivot":{"x":342.6950988769531,"y":0.28700733184814455,"z":230.831787109375},"rotation":{"x":-0.07303113490343094,"y":0.7736983299255371,"z":-0.09070020169019699,"w":-0.622794508934021},"size":21.261550903320314,"orthographic":false}