{"cameraMode":{"drawMode":0,"name":"Shaded","section":"Shading Mode"},"sceneLighting":true,"audioPlay":false,"sceneViewState":{"showFog":true,"showMaterialUpdate":false,"showSkybox":true,"showFlares":true,"showImageEffects":true,"showParticleSystems":true},"in2DMode":false,"pivot":{"x":-73.34710693359375,"y":-118.80224609375,"z":557.642578125},"rotation":{"x":-0.1444917917251587,"y":0.4695400595664978,"z":-0.07791402190923691,"w":-0.8676105737686157},"size":404.9764404296875,"orthographic":false}