{"cameraMode":{"drawMode":0,"name":"Shaded","section":"Shading Mode"},"sceneLighting":false,"audioPlay":false,"sceneViewState":{"showFog":true,"showMaterialUpdate":false,"showSkybox":false,"showFlares":true,"showImageEffects":true,"showParticleSystems":true},"in2DMode":false,"pivot":{"x":524.382568359375,"y":6.5888519287109379,"z":249.98605346679688},"rotation":{"x":-0.046200230717659,"y":0.9377320408821106,"z":-0.31676971912384035,"w":-0.13593484461307527},"size":64.81036376953125,"orthographic":false}