{"cameraMode":{"drawMode":0,"name":"Shaded","section":"Shading Mode"},"sceneLighting":false,"audioPlay":false,"sceneViewState":{"showFog":true,"showMaterialUpdate":false,"showSkybox":false,"showFlares":true,"showImageEffects":true,"showParticleSystems":true},"in2DMode":false,"pivot":{"x":-5.0,"y":12.80000114440918,"z":-11.370001792907715},"rotation":{"x":-0.28179657459259035,"y":0.09772048890590668,"z":-0.028195207938551904,"w":-0.9541653394699097},"size":43.718753814697269,"orthographic":false}