{"cameraMode":{"drawMode":0,"name":"Shaded","section":"Shading Mode"},"sceneLighting":false,"audioPlay":false,"sceneViewState":{"showFog":true,"showMaterialUpdate":false,"showSkybox":false,"showFlares":true,"showImageEffects":true,"showParticleSystems":true},"in2DMode":false,"pivot":{"x":0.00422513484954834,"y":0.5696672201156616,"z":0.0010859370231628419},"rotation":{"x":0.11213699728250504,"y":-0.41514021158218386,"z":0.05126816779375076,"w":0.9014543294906616},"size":3.6288411617279054,"orthographic":false}