{"cameraMode":{"drawMode":0,"name":"Shaded","section":"Shading Mode"},"sceneLighting":false,"audioPlay":false,"sceneViewState":{"showFog":true,"showMaterialUpdate":false,"showSkybox":false,"showFlares":true,"showImageEffects":true,"showParticleSystems":true},"in2DMode":false,"pivot":{"x":-4.83650016784668,"y":10.171501159667969,"z":2.0865001678466799},"rotation":{"x":-0.19733570516109467,"y":0.28454187512397768,"z":-0.05962221324443817,"w":-0.9363928437232971},"size":66.63877868652344,"orthographic":false}