{"cameraMode":{"drawMode":0,"name":"Shaded","section":"Shading Mode"},"sceneLighting":false,"audioPlay":false,"sceneViewState":{"showFog":true,"showMaterialUpdate":false,"showSkybox":false,"showFlares":true,"showImageEffects":true,"showParticleSystems":true},"in2DMode":false,"pivot":{"x":0.0,"y":10.171501159667969,"z":2.0865001678466799},"rotation":{"x":0.2292093187570572,"y":-0.48394617438316347,"z":0.13250939548015595,"w":0.834298849105835},"size":60.084129333496097,"orthographic":false}