{"cameraMode":{"drawMode":0,"name":"Shaded","section":"Shading Mode"},"sceneLighting":true,"audioPlay":false,"sceneViewState":{"showFog":true,"showMaterialUpdate":false,"showSkybox":true,"showFlares":true,"showImageEffects":true,"showParticleSystems":true},"in2DMode":false,"pivot":{"x":235.91433715820313,"y":8.79052734375,"z":223.89068603515626},"rotation":{"x":0.3704335391521454,"y":-0.11926806718111038,"z":0.04805991053581238,"w":0.9199369549751282},"size":4.741405963897705,"orthographic":true}