{"cameraMode":{"drawMode":0,"name":"Shaded","section":"Shading Mode"},"sceneLighting":true,"audioPlay":false,"sceneViewState":{"showFog":true,"showMaterialUpdate":false,"showSkybox":true,"showFlares":true,"showImageEffects":true,"showParticleSystems":true},"in2DMode":false,"pivot":{"x":298.832763671875,"y":32.0982666015625,"z":336.79693603515627},"rotation":{"x":0.1301148235797882,"y":0.7795376777648926,"z":-0.17252881824970246,"w":0.5879128575325012},"size":10.516280174255371,"orthographic":true}